country_code,country,programme_code,programme_title,fund_type,region_category,snapshot_year,planned_eur,total_payments_eur,payment_rate_on_planned_amount,interim_payments_eur,pre_financing_eur,remaining_eur,payment_status
PL,Poland,2014PL16M2OP006,Małopolskie Voivodeship - ERDF/ESF,ERDF,Less developed,2023,2071582510.0,2034338568.49,98.2021502242747,1891138297.52,126824303.68,37243941.50999999,High progress
CZ,Czechia,2014CZ16M1OP002,Environment  - CZ - ERDF/CF,CF,,2023,2276788653.0,2276788653.0,100.0,1972490284.26,142399012.69,0.0,High progress
HU,Hungary,2014HU16M0OP001,Economic Development and Innovation Programme - HU - ERDF/ESF/YEI,ESF,REACT-EU,2023,218692440.0,217662934.14,99.5292448792468,139086634.79,78576299.35,1029505.8600000143,High progress
PT,Portugal,2014PT16M2OP004,Azores - ERDF/ESF,ESF,REACT-EU,2023,28500000.0,27517043.94,96.5510313684211,23469077.79,4047966.15,982956.0599999987,High progress
ES,Spain,2014ES05SFOP001,La Rioja  - ESF,ESF,More developed,2023,11359424.0,11359424.0,100.0,10350374.05,238250.93,0.0,High progress
MT,Malta,2014MT06RDNP001,Malta - National Rural Development,EAFRD,EURI,2023,8750475.0,3029986.69,34.6265395878509,3029986.69,0.0,5720488.3100000005,Low progress
ES,Spain,2014ES16RFOP004,Aragón  - ERDF,ERDF,REACT-EU,2023,237500000.0,135317015.83,56.9755856126316,99550377.42,37242618.77,102182984.16999999,Medium progress
BE,Belgium,2014BE06RDRP001,Flanders - Rural Development,EAFRD,,2023,479680809.0,378138043.58,78.8311803360055,366625067.15,11512976.43,101542765.42000002,Medium progress
UK,United Kingdom,2014UK05SFOP004,Northern Ireland - ESF,ESF,Transition,2023,210578341.0,202140008.39,95.9927822728929,180488490.8,10002523.97,8438332.610000014,High progress
ES,Spain,2014ES05M9OP001,Youth Employment - ES - ESF/YEI,ESF,Less developed,2023,27478987.0,14427450.88,52.5035762053383,11340401.26,655517.81,13051536.12,Medium progress
IT,Italy,2014IT05SFOP012,Veneto  - ESF,ESF,More developed,2023,382015911.0,378845351.29,99.1700451162622,345691287.19,15860570.35,3170559.7099999785,High progress
IT,Italy,2014IT16M2OP004,Metrolitan Cities - IT - ERDF/ESF,ERDF,More developed,2023,104962933.0,99057705.93,94.3739881296953,86377094.55,6406693.05,5905227.069999993,High progress
FR,France,2014FR16M0OP001,Aquitaine - ERDF/ESF/YEI,YEI,,2023,10594801.0,10594801.0,100.0,6705658.11,3103700.23,0.0,High progress
SK,Slovakia,2014SK05M0OP001,Human Resources - SK - ESF/ERDF/YEI,YEI,,2023,172270942.0,172527814.13,100.149109377947,164455781.59,4743208.99,-256872.12999999523,High progress
BG,Bulgaria,2014BG16RFOP001,Regions in Growth - BG - ERDF,ERDF,Less developed,2023,1311704793.0,1055181264.4,80.4435014670256,903572308.13,78941769.74,256523528.60000002,Medium progress
ES,Spain,2014ES05SFOP007,Cataluña  - ESF,ESF,More developed,2023,307444830.0,307444830.0,100.0,277096939.45,15947365.84,0.0,High progress
SK,Slovakia,2014SK05FMOP001,FEAD - Slovakia,FEAD,REACT-EU,2023,22928653.0,19493275.16,85.0170969921347,10964382.41,8528892.75,3435377.84,High progress
SE,Sweden,2014SE16RFOP004,East-Central Sweden - ERDF,ERDF,More developed,2023,69026314.0,65169250.33,94.4121836347802,55517455.98,4281801.17,3857063.670000002,High progress
DE,Germany,2014DE06RDRP012,Niedersachsen / Bremen - Rural Development,EAFRD,,2023,1504628370.0,1187866055.37,78.9474716185233,1156464348.75,31401706.62,316762314.6300001,Medium progress
TC,Interreg,2014TC16I5CB001,IPA CBC Hungary - Serbia,IPAE,,2023,32562000.0,32562000.0,100.0,25831849.0,5089570.66,0.0,High progress
CZ,Czechia,2014CZ05M9OP001,"Employment, Human Capital and Social Cohesion - CZ - ESF/YEI",ESF,Less developed,2023,2240390454.0,2239412390.12,99.9563440435905,1955487602.75,134965892.92,978063.8800001144,High progress
CY,Cyprus,2014CY05M9OP001,"Employment, Human Capital and Social Cohesion - CY - ESF/YEI",YEI,,2023,18136793.0,14900875.39,82.1582701528324,13074715.24,197737.33,3235917.6099999994,Medium progress
SK,Slovakia,2014SK16RFOP002,Integrated Regional Programme - SK - ERDF,ERDF,Less developed,2023,1578083169.0,1573797266.75,97.3296908978357,1409458056.32,120111265.84,4285902.25,High progress
PL,Poland,2014PL16M2OP013,Świętokrzyskie Voivodeship - ERDF/ESF,ERDF,REACT-EU,2023,18950572.0,11697640.24,61.7271090286879,4162542.5,7535097.74,7252931.76,Medium progress
FR,France,2014FR16M0OP004,Champagne-Ardenne - ERDF/ESF/YEI,ERDF,More developed,2023,181550137.0,181550137.0,100.0,160104243.26,8640153.11,0.0,High progress
MT,Malta,2014MT16RFSM001,SME initiative - MT - ERDF,ERDF,Transition,2023,29000000.0,28633941.78,98.7377302758621,26827691.78,333941.78,366058.2199999988,High progress
ES,Spain,2014ES16RFOP021,País Vasco  - ERDF,ERDF,REACT-EU,2023,319148469.0,315206593.26,98.7648771268271,263688041.7,48170602.53,3941875.7400000095,High progress
NL,Netherlands,2014NL16RFOP001,North Netherlands - ERDF,ERDF,REACT-EU,2023,44986704.0,24364327.04,54.158951142542,16665899.53,7647739.68,20622376.96,Medium progress
FR,France,2014FR06RDRP042,Alsace - Rural Development,EAFRD,EURI,2023,8385875.0,2546707.08,30.3690083622759,2546707.08,0.0,5839167.92,Low progress
FR,France,2014FR16M2OP010,Rhône-Alpes - ERDF/ESF,ERDF,REACT-EU,2023,160539061.0,160539061.0,100.0,135553867.52,22423497.92,0.0,High progress
CZ,Czechia,2014CZ05M2OP001,Research Development and Education - CZ - ESF/ERDF,ESF,Less developed,2023,1168125739.0,1168918182.71,100.067838904969,1024016286.65,77717365.62,-792443.7100000381,High progress
ES,Spain,2014ES06RDRP014,Navarra - Rural Development,EAFRD,,2023,176001033.0,137367929.93,78.0495020901383,132589930.48,4777999.45,38633103.06999999,Medium progress
NL,Netherlands,2014NL16RFOP002,West Netherlands - ERDF,ERDF,REACT-EU,2023,82479298.0,58820014.2,71.3148821901952,44723533.54,14021480.66,23659283.799999997,Medium progress
ES,Spain,2014ES16RFOP002,Multi-regional Spain - ERDF,ERDF,More developed,2023,4009679763.0,4009679763.0,100.0,3492891908.83,293713796.95,0.0,High progress
TC,Interreg,2014TC16M4TN003,Interreg V-B - Balkan-Mediterranean,ERDF,,2023,28330108.0,27859310.14,98.338171319361,25025129.48,2230996.01,470797.8599999994,High progress
TC,Interreg,2014TC16RFTN006,Interreg V-B - North West Europe,ERDF,,2023,396134342.0,372325654.23,93.9897440727318,321567425.79,27842118.68,23808687.76999998,High progress
DE,Germany,2014DE05SFOP012,Sachsen - ESF,ESF,More developed,2023,110643215.0,107729483.12,97.3665516859755,95173497.41,7737750.84,2913731.879999995,High progress
FR,France,2014FR16RFOP006,Alsace - ERDF,ERDF,More developed,2023,87207490.0,87207490.0,100.0,78550335.41,2684101.82,0.0,High progress
PT,Portugal,2014PT16M3OP001,Competitiveness and Internationalisation  - PT - ERDF/ESF/CF,ESF,REACT-EU,2023,376000000.0,243378379.66,64.728292462766,200623034.8,41426378.84,132621620.34,Medium progress
PL,Poland,2014PL16M2OP009,Podkarpackie Voivodeship - ERDF/ESF,ERDF,REACT-EU,2023,35252288.0,25032921.46,71.0107708753542,13238411.1,11792790.61,10219366.54,Medium progress
FR,France,2014FR16M2OP005,Franche-Comté et Jura - ERDF/ESF,ESF,REACT-EU,2023,7280000.0,7280000.0,100.0,6042400.0,1237600.0,0.0,High progress
BG,Bulgaria,2014BG16RFOP002,Innovations and Competitiveness - BG - ERDF,ERDF,Less developed,2023,1238064222.0,1238064222.0,100.0,1077606202.77,77677304.48,0.0,High progress
BE,Belgium,2014BE05M9OP002,Brussels-Capital Region : Investment for growth and jobs - ESF/YEI,YEI,,2023,9012968.0,8615287.44,95.5876847671045,7765315.41,723990.66,397680.5600000005,High progress
HU,Hungary,2014HU16M0OP001,Economic Development and Innovation Programme - HU - ERDF/ESF/YEI,YEI,,2023,99530712.0,99530711.97,99.9999999698585,81093040.77,14431953.18,0.030000001192092896,High progress
GR,Greece,2014GR16M3TA001,Technical assistance - GR - ERDF/ESF/CF,CF,,2023,60836342.0,60836342.0,100.0,47459458.96,6383879.83,0.0,High progress
HR,Croatia,2014HR16M1OP001,Competitiveness and Cohesion  - HR - ERDF/CF,ERDF,Less developed,2023,4700499588.0,4069064300.77,86.5666345585477,3522907815.71,277246987.06,631435287.23,High progress
TC,Interreg,2014TC16I5CB009,IPA CBC Greece – Republic of North Macedonia,IPAE,,2023,19324776.0,18731760.16,96.9313184277013,14737574.66,3994185.5,593015.8399999999,High progress
SK,Slovakia,2014SK05SFOP001,Effective Public Administration - SK - ESF,ESF,More developed,2023,9463693.0,9425822.04,99.5998289462686,8339626.77,154110.84,37870.960000000894,High progress
CZ,Czechia,2014CZ05M9OP001,"Employment, Human Capital and Social Cohesion - CZ - ESF/YEI",YEI,,2023,27199968.0,27331353.78,100.483036524161,24342212.28,280040.45,-131385.7800000012,High progress
ES,Spain,2014ES06RDRP009,Cataluña  - Rural Development,EAFRD,,2023,449524800.0,357967970.41,79.6325298203792,345765144.77,12202825.64,91556829.58999997,Medium progress
ES,Spain,2014ES16RFOP011,Cataluña  - ERDF,ERDF,REACT-EU,2023,1023471064.0,747287077.85,73.0149687798111,591355951.51,154477222.28,276183986.15,Medium progress
TC,Interreg,2014TC16RFCB015,Interreg V-A - Slovakia-Hungary,ERDF,,2023,155808987.0,132824874.63,85.2485323134795,113099084.43,11840660.35,22984112.370000005,High progress
DE,Germany,2014DE05SFOP002,Federal Germany - ESF,ESF,Transition,2023,746745746.0,746745746.0,100.0,641582914.43,44486288.23,0.0,High progress
TC,Interreg,2014TC16RFCB034,Interreg V-A - France-Italy (ALCOTRA),ERDF,,2023,198876285.0,170366626.24,85.6646262474181,146499526.24,14762396.32,28509658.75999999,High progress
LT,Lithuania,2014LT06RDNP001,Lithuania - National Rural Development,EAFRD,,2023,2097769297.0,1720655166.81,82.0230884907455,1670749379.61,49905787.2,377114130.19000006,Medium progress
ES,Spain,2014ES05SFOP014,Canarias - ESF,ESF,REACT-EU,2023,228203624.0,127117120.03,55.7033748202001,100331059.2,26786060.83,101086503.97,Medium progress
PL,Poland,2014PL16M1OP001,Infrastructure and Environment - PL - ERDF/CF,ERDF,REACT-EU,2023,767890627.0,767890627.0,100.0,448839308.81,319051318.19,0.0,High progress
FR,France,2014FR16RFOP007,Réunion – ERDF,ERDF,REACT-EU,2023,340948106.0,222055575.6,65.1288485526885,176838172.43,45217403.17,118892530.4,Medium progress
PL,Poland,2014PL16M2OP008,Opolskie Voivodeship - ERDF/ESF,ESF,Less developed,2023,265814879.0,265814879.0,100.0,233345508.44,17746923.2,0.0,High progress
FR,France,2014FR06RDRP023,Haute-Normandie - Rural Development,EAFRD,EURI,2023,0.0,0.0,,0.0,0.0,0.0,Unknown
ES,Spain,2014ES05SFTA001,Technical Assistance - ES - ESF,ESF,Transition,2023,16726460.0,16726459.96,99.999999760858,14118646.12,1502827.45,0.03999999910593033,High progress
GR,Greece,2014GR05M9OP001,Human Resources Development Education and Lifelong Learning - GR - ESF/YEI,YEI,,2023,256178866.0,136465642.43,53.2696723038816,117677277.89,18129443.56,119713223.57,Medium progress
TC,Interreg,2014TC16M4TN003,Interreg V-B - Balkan-Mediterranean,IPAE,,2023,5126138.0,4836450.33,94.3488124978298,4190039.28,476547.72,289687.6699999999,High progress
TC,Interreg,2014TC16RFCB030,Interreg V-A - Slovakia-Czech Republic,ERDF,,2023,90139463.0,82392471.91,91.4055499864693,72183386.47,6967366.01,7746991.090000004,High progress
IT,Italy,2014IT05SFOP011,Valle d'Aosta  - ESF,ESF,More developed,2023,26311425.0,23932824.94,86.131822059632,20764899.32,1817652.69,2378600.0599999987,High progress
ES,Spain,2014ES05SFOP015,Castilla-La Mancha  - ESF,ESF,Transition,2023,208635932.0,188015956.12,90.116766713032,179307402.68,14847635.98,20619975.879999995,High progress
IT,Italy,2014IT06RDRP020,Puglia - Rural Development,EAFRD,,2023,1235091836.55,861560224.99,69.7567743137716,831832684.99,29727540.0,373531611.55999994,Medium progress
DE,Germany,2014DE16M2OP001,Niedersachsen - ERDF/ESF,ESF,REACT-EU,2023,21251950.0,5366971.47,25.2540189017949,3851749.11,1514180.75,15884978.530000001,Low progress
NL,Netherlands,2014NL06RDNP001,Netherlands - National Rural Development,EAFRD,,2023,1115752510.0,888908364.02,79.6689549029112,864149803.22,24758560.8,226844145.98000002,Medium progress
RO,Romania,2014RO16RFOP001,Competitiveness Programme - RO - ERDF,ERDF,Less developed,2023,1471263537.0,1361841574.0,92.5627217525476,1223224037.74,99171521.63,109421963.0,High progress
PL,Poland,2014PL16RFOP002,Digital Poland - ERDF,ERDF,REACT-EU,2023,304757405.0,304757405.0,100.0,199772787.25,85396334.55,0.0,High progress
TC,Interreg,2014TC16M5CB005,,ENI,,2023,15875028.0,0.0,0.0,0.0,0.0,15875028.0,Low progress
RO,Romania,2014RO06RDNP001,Romania - National Rural Development,EAFRD,EURI,2023,692093810.0,372011899.36,53.7516582267944,372011899.36,0.0,320081910.64,Medium progress
FR,France,2014FR16M2OP005,Franche-Comté et Jura - ERDF/ESF,ESF,Transition,2023,33572613.0,33572613.0,100.0,29862964.09,2257770.04,0.0,High progress
ES,Spain,2014ES16RFOP019,Murcia  - ERDF,ERDF,REACT-EU,2023,218311428.0,99716677.33,45.676343306224,62543734.57,37112942.76,118594750.67,Low progress
PL,Poland,2014PL16M2OP007,Mazowieckie Voivodeship - ERDF/ESF,ERDF,More developed,2023,1544686317.0,1521262172.24,98.483566242401,1346753305.34,93705336.15,23424144.75999999,High progress
FR,France,2014FR06RDRP083,Auvergne - Rural Development,EAFRD,EURI,2023,48663776.0,17449846.78,35.8579794136813,17449846.78,0.0,31213929.22,Low progress
FR,France,2014FR05FMOP001,FEAD - France,FEAD,,2023,499281315.0,495780025.63,99.2987341475016,444360370.35,54920944.65,3501289.370000005,High progress
HR,Croatia,2014HR14MFOP001,Maritime and Fisheries - Croatia,EMFF,,2023,252643138.0,191596606.55,75.8368535424065,171284212.76,19005080.07,61046531.44999999,Medium progress
IT,Italy,2014IT16RFOP004,Abruzzo - ERDF,ERDF,Transition,2023,137754890.0,132944734.65,96.5081781488846,118890123.68,7861723.03,4810155.349999994,High progress
DE,Germany,2020DE16M2RE017,,ERDF,REACT-EU,2023,67891705.0,8887500.2,13.0907011394102,0.0,8887500.2,59004204.8,Low progress
LV,Latvia,2014LV16MAOP001,Growth and Employment - LV - ERDF/ESF/CF/YEI,CF,,2023,1246634592.0,1054843485.32,84.6152908068831,932556402.72,97141134.35,191791106.67999995,Medium progress
IT,Italy,2014IT16RFOP003,Enterprises and Competitiveness - IT - ERDF,ERDF,Transition,2023,114187419.0,114187419.0,100.0,106161748.97,2183993.19,0.0,High progress
AT,Austria,2014AT05FMOP001,FEAD - Austria,FEAD,,2023,18032733.0,18032733.0,100.0,16049132.37,0.0,0.0,High progress
DE,Germany,2014DE05SFOP004,Bayern - ESF,ESF,REACT-EU,2023,48558065.0,12753136.34,26.2636831595328,6235417.99,6517718.35,35804928.66,Low progress
GR,Greece,2014GR16M2OP007,Continental Greece - ERDF/ESF,ESF,Transition,2023,31767244.0,31767244.0,100.0,26526340.56,3406764.99,0.0,High progress
DE,Germany,2014DE16RFOP014,Schleswig-Holstein - ERDF,ERDF,More developed,2023,271244600.0,248789542.97,91.7214731537513,217608660.12,18842665.84,22455057.03,High progress
ES,Spain,2014ES16RFOP003,Andalucía  - ERDF,ERDF,REACT-EU,2023,1314832929.0,386533320.43,29.3979038632672,161623721.58,223521597.93,928299608.5699999,Low progress
IT,Italy,2014IT05SFOP001,Social Inclusion - IT - ESF,ESF,More developed,2023,168300000.0,160865031.58,95.5823122875817,151082808.74,9294367.5,7434968.419999987,High progress
PL,Poland,2014PL06RDNP001,Poland - National Rural Development,EAFRD,,2023,11000104373.0,8635013270.19,78.4993758003318,8374086565.77,260926704.42,2365091102.8099995,Medium progress
TC,Interreg,2014TC16I5CB006,IPA CBC Bulgaria – Republic of North Macedonia,IPAE,,2023,8271217.0,8271217.0,100.0,6603321.14,1647638.56,0.0,High progress
IT,Italy,2014IT05SFOP002,Systems for Active Employment Policies - IT - ESF,ESF,REACT-EU,2023,6047949540.0,2818529210.63,46.603054340794,2015419719.83,803109490.8,3229420329.37,Low progress
TC,Interreg,2014TC16RFCB043,Interreg V-A - Saint Martin-Sint Maarten,ERDF,,2023,7040984.0,728319.68,7.2831968,1156630.67,728319.68,6312664.32,Low progress
FR,France,2014FR05FMOP001,FEAD - France,FEAD,REACT-EU,2023,104027508.0,28145372.47,27.0557019110753,12541246.27,15604126.2,75882135.53,Low progress
FR,France,2014FR06RDRP031,Nord-Pas de Calais - Rural Development,EAFRD,,2023,152202408.0,114502150.0,75.2301829547927,110878631.2,3623518.8,37700258.0,Medium progress
SK,Slovakia,2014SK05FMOP001,FEAD - Slovakia,FEAD,,2023,55112543.0,55112543.0,100.0,49050163.27,6062379.73,0.0,High progress
FR,France,2014FR06RDRP082,Rhône-Alpes - Rural Development,EAFRD,EURI,2023,62271374.0,29961686.12,48.1147021422717,29961686.12,0.0,32309687.88,Low progress
FR,France,2014FR16M0OP002,Auvergne - ERDF/ESF/YEI,YEI,,2023,6069483.0,6069483.0,100.0,3708940.05,1820844.45,0.0,High progress
PL,Poland,2014PL16M2OP010,Podlaskie Voivodeship - ERDF/ESF,ESF,Less developed,2023,336013351.0,316184700.65,94.0988504501418,275651979.61,21982849.15,19828650.350000024,High progress
TC,Interreg,2014TC16M5CB003,,ENI,,2023,36146782.0,0.0,0.0,0.0,0.0,36146782.0,Low progress
